description,title,url
<span>Get official <em>travel</em> information about where to go and what to see to help you plan your next <em>trip</em> to <em>Nepal</em>.</span>,Welcome to Nepal | Nepal's official Travel and Tourist ...,https://www.welcomenepal.com/
<span>Get official <em>travel</em> information about where to go and what to see to help you plan your next <em>trip</em> to <em>Nepal</em>.</span>,Nepal travel advice - GOV.UK,https://www.gov.uk/foreign-travel-advice/nepal
<span>Get official <em>travel</em> information about where to go and what to see to help you plan your next <em>trip</em> to <em>Nepal</em>.</span>,Nepal Travel Advisory - travel.gov - Department of State,https://travel.state.gov/content/travel/en/traveladvisories/traveladvisories/nepal-travel-advisory.html
<span>Get official <em>travel</em> information about where to go and what to see to help you plan your next <em>trip</em> to <em>Nepal</em>.</span>,COVID-19 Information - U.S. Embassy in Nepal,https://np.usembassy.gov/covid-19-information/
<span>Get official <em>travel</em> information about where to go and what to see to help you plan your next <em>trip</em> to <em>Nepal</em>.</span>,Travel Guidelines - The Official Portal of Government of Nepal,https://nepal.gov.np:8443/NationalPortal/view-page?id=113
<span>Get official <em>travel</em> information about where to go and what to see to help you plan your next <em>trip</em> to <em>Nepal</em>.</span>,Nepal Travel Advice & Safety | Smartraveller,https://www.smartraveller.gov.au/destinations/asia/nepal
<span>Get official <em>travel</em> information about where to go and what to see to help you plan your next <em>trip</em> to <em>Nepal</em>.</span>,Travel advice and advisories for Nepal - Travel.gc.ca,https://travel.gc.ca/destinations/nepal
<span>Get official <em>travel</em> information about where to go and what to see to help you plan your next <em>trip</em> to <em>Nepal</em>.</span>,Tourist Visa to Nepal - Department of Immigration,https://www.immigration.gov.np/page/tourist-visa
<span>Get official <em>travel</em> information about where to go and what to see to help you plan your next <em>trip</em> to <em>Nepal</em>.</span>,"Nepal | Travel guide, tips and inspiration | Wanderlust",https://www.wanderlust.co.uk/destinations/nepal/
<span>Get official <em>travel</em> information about where to go and what to see to help you plan your next <em>trip</em> to <em>Nepal</em>.</span>,"Nepal (Travel Restrictions, COVID Tests & Quarantine ...",https://blog.wego.com/nepal-travel-restrictions-and-quarantine-requirements/
"<span>All travelers regardless of vaccination status must have <em>travel</em> insurance that covers health, immediate crisis or rescue for the duration of the ...</span>","Nepal (Travel Restrictions, COVID Tests & Quarantine ...",https://blog.wego.com/nepal-travel-restrictions-and-quarantine-requirements/
"<span>All travelers regardless of vaccination status must have <em>travel</em> insurance that covers health, immediate crisis or rescue for the duration of the ...</span>","Travel to Third ... - Embassy of India, Kathmandu, Nepal",https://www.indembkathmandu.gov.in/page/travel-to-third-countries-from-nepal/
"<span>All travelers regardless of vaccination status must have <em>travel</em> insurance that covers health, immediate crisis or rescue for the duration of the ...</span>","Travel to Nepal - Embassy of India, Kathmandu, Nepal",https://www.indembkathmandu.gov.in/page/travel-to-nepal/
"<span>All travelers regardless of vaccination status must have <em>travel</em> insurance that covers health, immediate crisis or rescue for the duration of the ...</span>",COVID-19 in Nepal - Travel Health Notices - CDC,https://wwwnc.cdc.gov/travel/notices/covid-4/coronavirus-nepal
"<span>All travelers regardless of vaccination status must have <em>travel</em> insurance that covers health, immediate crisis or rescue for the duration of the ...</span>",Nepal - Department of Foreign Affairs,https://www.dfa.ie/travel/travel-advice/a-z-list-of-countries/nepal/
"<span>All travelers regardless of vaccination status must have <em>travel</em> insurance that covers health, immediate crisis or rescue for the duration of the ...</span>",Nepal - Ministry of Foreign Affairs Singapore,https://www.mfa.gov.sg/countries-regions/n/nepal/travel-page
"<span>All travelers regardless of vaccination status must have <em>travel</em> insurance that covers health, immediate crisis or rescue for the duration of the ...</span>","Travel Document – Embassy of Nepal, Washington DC, USA",https://us.nepalembassy.gov.np/travel-documents/
"<span>All travelers regardless of vaccination status must have <em>travel</em> insurance that covers health, immediate crisis or rescue for the duration of the ...</span>","Travel Documents - Embassy of Nepal - London, UK",https://uk.nepalembassy.gov.np/travel-documents/
"<span>All travelers regardless of vaccination status must have <em>travel</em> insurance that covers health, immediate crisis or rescue for the duration of the ...</span>","संस्कृति, पर्यटन तथा नागरिक उड्डयन मन्त्रालय",https://www.tourism.gov.np/
"<span>All travelers regardless of vaccination status must have <em>travel</em> insurance that covers health, immediate crisis or rescue for the duration of the ...</span>",Is Nepal Open for Tourism? Restrictions and Requirements,https://www.worldnomads.com/travel-safety/southern-asia/nepal/travel-alerts-and-warnings
"<span>Find amazing hosts and places to stay on your <em>trip</em> to <em>Nepal</em>. Go on a cultural exchange, live like a local, and learn new skills with Worldpackers.</span>",Travel to Nepal exchanging your skills for free accommodation,https://www.worldpackers.com/search/asia/nepal
"<span>Find amazing hosts and places to stay on your <em>trip</em> to <em>Nepal</em>. Go on a cultural exchange, live like a local, and learn new skills with Worldpackers.</span>",Travel in Nepal | Nepal | netherlandsworldwide.nl,https://www.netherlandsworldwide.nl/countries/nepal/travel
"<span>Find amazing hosts and places to stay on your <em>trip</em> to <em>Nepal</em>. Go on a cultural exchange, live like a local, and learn new skills with Worldpackers.</span>",Nepal Tours & Travel - G Adventures,https://www.gadventures.com/destinations/asia/nepal/
"<span>Find amazing hosts and places to stay on your <em>trip</em> to <em>Nepal</em>. Go on a cultural exchange, live like a local, and learn new skills with Worldpackers.</span>",Nepal: Travel Health Information | IAMAT,https://www.iamat.org/country/nepal
"<span>Find amazing hosts and places to stay on your <em>trip</em> to <em>Nepal</em>. Go on a cultural exchange, live like a local, and learn new skills with Worldpackers.</span>","Nepal Travel Blog, Latest Articles on Nepal, Nepal Photos ...",https://timesofindia.indiatimes.com/travel/topic/nepal
"<span>Find amazing hosts and places to stay on your <em>trip</em> to <em>Nepal</em>. Go on a cultural exchange, live like a local, and learn new skills with Worldpackers.</span>",Nepal blogs: Travel blogs full of tips and information on Nepal!,https://www.charlotteplansatrip.com/en/nepal-en/
"<span>Find amazing hosts and places to stay on your <em>trip</em> to <em>Nepal</em>. Go on a cultural exchange, live like a local, and learn new skills with Worldpackers.</span>",Nepal Airlines Corporation,https://www.nepalairlines.com.np/
"<span>Find amazing hosts and places to stay on your <em>trip</em> to <em>Nepal</em>. Go on a cultural exchange, live like a local, and learn new skills with Worldpackers.</span>",Nepal Travel Guide Offline - Apps on Google Play,https://play.google.com/store/apps/details?id=com.guidewithme.nepal&hl=en_US&gl=US
"<span>Find amazing hosts and places to stay on your <em>trip</em> to <em>Nepal</em>. Go on a cultural exchange, live like a local, and learn new skills with Worldpackers.</span>",Nepal travel guide - Everest base camp trek - Responsible ...,https://www.responsibletravel.com/holidays/nepal/travel-guide
"<span>Find amazing hosts and places to stay on your <em>trip</em> to <em>Nepal</em>. Go on a cultural exchange, live like a local, and learn new skills with Worldpackers.</span>",Nepal travel advice,https://www.responsibletravel.com/holidays/nepal/travel-guide/nepal-travel-advice
<span>12 Top-Rated <em>Tourist</em> Attractions in <em>Nepal</em> · 1. Kathmandu · 2. Bhaktapur · 3. Boudhanath Stupa (Bodhnath) · 4. Pokhara · 5. Trekking in the Annapurna ...</span>,12 Top-Rated Tourist Attractions in Nepal | PlanetWare,https://www.planetware.com/tourist-attractions/nepal-nep.htm
<span>12 Top-Rated <em>Tourist</em> Attractions in <em>Nepal</em> · 1. Kathmandu · 2. Bhaktapur · 3. Boudhanath Stupa (Bodhnath) · 4. Pokhara · 5. Trekking in the Annapurna ...</span>,Nepal Vacations 2021 & 2022 - Tailor-Made from Audley Travel,https://www.audleytravel.com/us/nepal
<span>12 Top-Rated <em>Tourist</em> Attractions in <em>Nepal</em> · 1. Kathmandu · 2. Bhaktapur · 3. Boudhanath Stupa (Bodhnath) · 4. Pokhara · 5. Trekking in the Annapurna ...</span>,"Exploring Crazy, Beautiful Kathmandu & Nepal Travel Tips ...",https://www.youtube.com/watch?v=otP2Tc9S5N0
<span>12 Top-Rated <em>Tourist</em> Attractions in <em>Nepal</em> · 1. Kathmandu · 2. Bhaktapur · 3. Boudhanath Stupa (Bodhnath) · 4. Pokhara · 5. Trekking in the Annapurna ...</span>,Travel facts for Nepal | Adventure Alternative Expeditions,https://www.adventurealternative.com/travel-facts-nepal/
<span>12 Top-Rated <em>Tourist</em> Attractions in <em>Nepal</em> · 1. Kathmandu · 2. Bhaktapur · 3. Boudhanath Stupa (Bodhnath) · 4. Pokhara · 5. Trekking in the Annapurna ...</span>,"Nepal Plans to Limit Women's Travel for Work, Again | Human ...",https://www.hrw.org/news/2021/02/11/nepal-plans-limit-womens-travel-work-again
<span>12 Top-Rated <em>Tourist</em> Attractions in <em>Nepal</em> · 1. Kathmandu · 2. Bhaktapur · 3. Boudhanath Stupa (Bodhnath) · 4. Pokhara · 5. Trekking in the Annapurna ...</span>,"Nepal Forum, Travel Discussion for Nepal - Tripadvisor",https://www.tripadvisor.com/ShowForum-g293889-i9243-Nepal.html
<span>12 Top-Rated <em>Tourist</em> Attractions in <em>Nepal</em> · 1. Kathmandu · 2. Bhaktapur · 3. Boudhanath Stupa (Bodhnath) · 4. Pokhara · 5. Trekking in the Annapurna ...</span>,Nepal Introduces New Travel Rules For tourists - Outlook ...,https://www.outlookindia.com/outlooktraveller/travelnews/story/71347/nepal-introduces-new-travel-rules-for-tourists
<span>12 Top-Rated <em>Tourist</em> Attractions in <em>Nepal</em> · 1. Kathmandu · 2. Bhaktapur · 3. Boudhanath Stupa (Bodhnath) · 4. Pokhara · 5. Trekking in the Annapurna ...</span>,Aero Nepal Travel - Home | Facebook,https://www.facebook.com/AeroNepalTravel/
<span>12 Top-Rated <em>Tourist</em> Attractions in <em>Nepal</em> · 1. Kathmandu · 2. Bhaktapur · 3. Boudhanath Stupa (Bodhnath) · 4. Pokhara · 5. Trekking in the Annapurna ...</span>,34 Things Nobody Tells You About Traveling in Nepal,https://practicalwanderlust.com/traveling-in-nepal/
<span>12 Top-Rated <em>Tourist</em> Attractions in <em>Nepal</em> · 1. Kathmandu · 2. Bhaktapur · 3. Boudhanath Stupa (Bodhnath) · 4. Pokhara · 5. Trekking in the Annapurna ...</span>,Nepal cautiously reopens international flights,https://kathmandupost.com/money/2021/07/07/nepal-cautiously-reopens-international-flights
"<span>In order to avoid long queues and unnecessary problems, kindly submit a complete Online Visa Application form to the Immigration Authority of <em>Nepal</em> in your ...</span>","To Apply for Tourist Visa, please go here - the Nepal immigration",http://online.nepalimmigration.gov.np/tourist-visa
"<span>In order to avoid long queues and unnecessary problems, kindly submit a complete Online Visa Application form to the Immigration Authority of <em>Nepal</em> in your ...</span>","Nepal Travel regulations, Coronavirus regulations, travel bans ...",https://travelbans.org/asia/nepal/
"<span>In order to avoid long queues and unnecessary problems, kindly submit a complete Online Visa Application form to the Immigration Authority of <em>Nepal</em> in your ...</span>",Nepal Travel Guide - National Geographic,https://www.nationalgeographic.com/travel/destination/nepal
"<span>In order to avoid long queues and unnecessary problems, kindly submit a complete Online Visa Application form to the Immigration Authority of <em>Nepal</em> in your ...</span>",Amazon Best Sellers: Best Nepal Travel Guides,https://www.amazon.com/Best-Sellers-Books-Nepal-Travel-Guides/zgbs/books/16815
"<span>In order to avoid long queues and unnecessary problems, kindly submit a complete Online Visa Application form to the Immigration Authority of <em>Nepal</em> in your ...</span>","Travel Document - Consulate General of Nepal, Hong Kong",https://hkg.nepalconsulate.gov.np/travel-documents/
"<span>In order to avoid long queues and unnecessary problems, kindly submit a complete Online Visa Application form to the Immigration Authority of <em>Nepal</em> in your ...</span>",Nepal | SafeTravel,https://www.safetravel.govt.nz/nepal
"<span>In order to avoid long queues and unnecessary problems, kindly submit a complete Online Visa Application form to the Immigration Authority of <em>Nepal</em> in your ...</span>",Travel and Visa Info for Nepal - B A L | Berry Appleman ...,https://www.bal.com/bal-countries/nepal-travel-and-visa-overview/
"<span>In order to avoid long queues and unnecessary problems, kindly submit a complete Online Visa Application form to the Immigration Authority of <em>Nepal</em> in your ...</span>",Nepal Travel | Adventure Travel with O.A.T.,https://www.oattravel.com/destinations/country/nepal
"<span>In order to avoid long queues and unnecessary problems, kindly submit a complete Online Visa Application form to the Immigration Authority of <em>Nepal</em> in your ...</span>",Can I travel to Nepal? Travel Restrictions & Entry ... - Kayak,https://www.kayak.com/travel-restrictions/nepal
"<span>In order to avoid long queues and unnecessary problems, kindly submit a complete Online Visa Application form to the Immigration Authority of <em>Nepal</em> in your ...</span>",Nepal Travel Guide - Himalayan Glacier,https://www.himalayanglacier.com/nepal-travel-guide/
"<span>A <em>Nepal tour</em> takes you to the core of rich culture, impressive history, unspoiled scenery and fascinating cities. A group tour through Nepal offers plenty ...</span>",Nepal Tours | Trips to Nepal and India | Travel Talk Tours,https://www.traveltalktours.com/destinations/nepal-tours/
"<span>A <em>Nepal tour</em> takes you to the core of rich culture, impressive history, unspoiled scenery and fascinating cities. A group tour through Nepal offers plenty ...</span>",Adventure Holidays to Nepal 2021/2022 - KE Adventure Travel,https://www.keadventure.com/destinations/asia/nepal
"<span>A <em>Nepal tour</em> takes you to the core of rich culture, impressive history, unspoiled scenery and fascinating cities. A group tour through Nepal offers plenty ...</span>",ARMS-DIMS - CCMC,https://ccmc.gov.np/arms/person_add_en.php
"<span>A <em>Nepal tour</em> takes you to the core of rich culture, impressive history, unspoiled scenery and fascinating cities. A group tour through Nepal offers plenty ...</span>",Nepal Travel Guide And Visitor Information | TransIndus,https://www.transindus.co.uk/nepal/before-you-go-to-nepal/
"<span>A <em>Nepal tour</em> takes you to the core of rich culture, impressive history, unspoiled scenery and fascinating cities. A group tour through Nepal offers plenty ...</span>",Nepal Travel Guide | Travel + Leisure,https://www.travelandleisure.com/travel-guide/nepal
"<span>A <em>Nepal tour</em> takes you to the core of rich culture, impressive history, unspoiled scenery and fascinating cities. A group tour through Nepal offers plenty ...</span>",Nepal Travel Deals - The Best Vacation Search｜hisgo Nepal,https://www.hisgo.com/np/
"<span>A <em>Nepal tour</em> takes you to the core of rich culture, impressive history, unspoiled scenery and fascinating cities. A group tour through Nepal offers plenty ...</span>",Nepal Travel Guide » All the Best Things to Do in Nepal,https://alittleadrift.com/countries/traveling-nepal/
"<span>A <em>Nepal tour</em> takes you to the core of rich culture, impressive history, unspoiled scenery and fascinating cities. A group tour through Nepal offers plenty ...</span>","Nepal Tours, Trekking & Travel | Peregrine Adventures EN-US",https://www.peregrineadventures.com/en-us/nepal
"<span>A <em>Nepal tour</em> takes you to the core of rich culture, impressive history, unspoiled scenery and fascinating cities. A group tour through Nepal offers plenty ...</span>",Traveling to Nepal: Travel Insurance Requirements ...,https://www.squaremouth.com/destinations/nepal
"<span>A <em>Nepal tour</em> takes you to the core of rich culture, impressive history, unspoiled scenery and fascinating cities. A group tour through Nepal offers plenty ...</span>",Nepal - Fit for Travel,https://www.fitfortravel.nhs.uk/destinations/asia-east/nepal
"<span><em>Nepal</em> is home to eight of the ten tallest mountains in the world, including Mount Everest herself. Find tips for planning a perfect trek, and see just how ...</span>",Nepal Travel Guide - TripSavvy,https://www.tripsavvy.com/nepal-4138817
"<span><em>Nepal</em> is home to eight of the ten tallest mountains in the world, including Mount Everest herself. Find tips for planning a perfect trek, and see just how ...</span>",Nepal Travel Insurance | InsureandGo,https://www.insureandgo.com/travel-insurance/countries/nepal
"<span><em>Nepal</em> is home to eight of the ten tallest mountains in the world, including Mount Everest herself. Find tips for planning a perfect trek, and see just how ...</span>",Nepal Vacations and Tours | Trips Made Local | Evaneos ...,https://www.evaneos.com/nepal/
"<span><em>Nepal</em> is home to eight of the ten tallest mountains in the world, including Mount Everest herself. Find tips for planning a perfect trek, and see just how ...</span>","India, Nepal to restart air travel with air bubble plan - The Hindu",https://www.thehindu.com/news/national/india-nepal-to-restart-air-travel-with-air-bubble-plan/article33297628.ece
"<span><em>Nepal</em> is home to eight of the ten tallest mountains in the world, including Mount Everest herself. Find tips for planning a perfect trek, and see just how ...</span>",Flying from the UK to Nepal: COVID-19 Travel Information,https://vivoclinic.com/travel-country/nepal/
"<span><em>Nepal</em> is home to eight of the ten tallest mountains in the world, including Mount Everest herself. Find tips for planning a perfect trek, and see just how ...</span>",Nepal Luxury Travel: Luxury Nepal Tours | Abercrombie & Kent,https://www.abercrombiekent.com/travel-destinations/india-himalayas-luxury-travel/nepal
"<span><em>Nepal</em> is home to eight of the ten tallest mountains in the world, including Mount Everest herself. Find tips for planning a perfect trek, and see just how ...</span>",Nepal Travel Information and Tours | Goway Travel,https://www.goway.com/travel-information/asia/nepal/introduction/
"<span><em>Nepal</em> is home to eight of the ten tallest mountains in the world, including Mount Everest herself. Find tips for planning a perfect trek, and see just how ...</span>",Buddha Air: Book Your Flight Tickets With Best Airline In Nepal,https://www.buddhaair.com/
"<span><em>Nepal</em> is home to eight of the ten tallest mountains in the world, including Mount Everest herself. Find tips for planning a perfect trek, and see just how ...</span>",Luxury Holidays in Nepal | Ultimate Travel Co,https://www.theultimatetravelcompany.co.uk/indian-subcontinent/nepal/
"<span><em>Nepal</em> is home to eight of the ten tallest mountains in the world, including Mount Everest herself. Find tips for planning a perfect trek, and see just how ...</span>",Nepal Tours from India | Nepal Tourism & Travel Guide ...,https://www.tourmyindia.com/international/nepal/
"<span><em>Nepal Travel</em> guide. Featuring things to do in Nepal - sightseeing, history and culture, shopping, places to eat, travel tips &amp; reviews from Australia's most ...</span>",Nepal Travel Guide | Plan Your Holiday in Nepal | Traveller ...,https://www.traveller.com.au/nepal
"<span><em>Nepal Travel</em> guide. Featuring things to do in Nepal - sightseeing, history and culture, shopping, places to eat, travel tips &amp; reviews from Australia's most ...</span>",Travel documents for Nepal for Indian Nationals - Air India,https://www.airindia.in/travel-documentation-for-nepal-new.htm
"<span><em>Nepal Travel</em> guide. Featuring things to do in Nepal - sightseeing, history and culture, shopping, places to eat, travel tips &amp; reviews from Australia's most ...</span>",Nepal Travel Vaccines and Travel Advisories - Summit Travel ...,https://summittravelhealth.com/travel-advice/nepal/
"<span><em>Nepal Travel</em> guide. Featuring things to do in Nepal - sightseeing, history and culture, shopping, places to eat, travel tips &amp; reviews from Australia's most ...</span>",Travel advice for Nepal - Consulate of Nepal,https://www.consulateofnepal.org.au/services/travel-advice/
"<span><em>Nepal Travel</em> guide. Featuring things to do in Nepal - sightseeing, history and culture, shopping, places to eat, travel tips &amp; reviews from Australia's most ...</span>",Nepal Travel Guide & Expert Tips | Enchanting Travels,https://www.enchantingtravels.com/destinations/asia/nepal/nepal-travel-guide/
"<span><em>Nepal Travel</em> guide. Featuring things to do in Nepal - sightseeing, history and culture, shopping, places to eat, travel tips &amp; reviews from Australia's most ...</span>",Tourism in Nepal - Wikipedia,https://en.wikipedia.org/wiki/Tourism_in_Nepal
"<span><em>Nepal Travel</em> guide. Featuring things to do in Nepal - sightseeing, history and culture, shopping, places to eat, travel tips &amp; reviews from Australia's most ...</span>",Nepal - Travel - The Telegraph,https://www.telegraph.co.uk/travel/destinations/asia/nepal/
"<span><em>Nepal Travel</em> guide. Featuring things to do in Nepal - sightseeing, history and culture, shopping, places to eat, travel tips &amp; reviews from Australia's most ...</span>",Sustainable Travel Guide: Nepal | Nepal Travel Guide,https://yugenearthside.com/2021/08/03/sustainable-travel-guide-nepal/
"<span><em>Nepal Travel</em> guide. Featuring things to do in Nepal - sightseeing, history and culture, shopping, places to eat, travel tips &amp; reviews from Australia's most ...</span>","Travel health insurance Nepal, travel insurance Nepal covid ...",https://www.americanvisitorinsurance.com/nepal/
"<span><em>Nepal Travel</em> guide. Featuring things to do in Nepal - sightseeing, history and culture, shopping, places to eat, travel tips &amp; reviews from Australia's most ...</span>",Tharu tribe dominated village along Indo-Nepal border to be ...,https://www.hindustantimes.com/lifestyle/travel/village-along-indo-nepal-border-to-be-developed-as-tourism-spot-101626946833574.html
"<span>(<em>Nepal</em>) Limited, Insurance in <em>Nepal</em>, Insurance Policies, Accidental Insurance, ... Motor Insurance, Theft Burglary Insurance, <em>Travel</em> Medical Insurance, ...</span>",Home || United Insurance Company (Nepal) Ltd,https://www.unitedinsurance.com.np/
"<span>(<em>Nepal</em>) Limited, Insurance in <em>Nepal</em>, Insurance Policies, Accidental Insurance, ... Motor Insurance, Theft Burglary Insurance, <em>Travel</em> Medical Insurance, ...</span>","COVID-19: Nepal expands travel ban to Europe, Mideast",https://www.aa.com.tr/en/asia-pacific/covid-19-nepal-expands-travel-ban-to-europe-mideast/1770580
"<span>(<em>Nepal</em>) Limited, Insurance in <em>Nepal</em>, Insurance Policies, Accidental Insurance, ... Motor Insurance, Theft Burglary Insurance, <em>Travel</em> Medical Insurance, ...</span>",Travel Insurance for Nepal from India - TATA AIG,https://www.tataaig.com/travel-insurance/travel-insurance-nepal
"<span>(<em>Nepal</em>) Limited, Insurance in <em>Nepal</em>, Insurance Policies, Accidental Insurance, ... Motor Insurance, Theft Burglary Insurance, <em>Travel</em> Medical Insurance, ...</span>",Nepal Travel Agency | Adventure Holiday Tour & Trek in ...,https://www.plannepal.com/
"<span>(<em>Nepal</em>) Limited, Insurance in <em>Nepal</em>, Insurance Policies, Accidental Insurance, ... Motor Insurance, Theft Burglary Insurance, <em>Travel</em> Medical Insurance, ...</span>",Travel Requirements | Qatar Airways,https://www.qatarairways.com/en/travel-alerts/requirements.html
"<span>(<em>Nepal</em>) Limited, Insurance in <em>Nepal</em>, Insurance Policies, Accidental Insurance, ... Motor Insurance, Theft Burglary Insurance, <em>Travel</em> Medical Insurance, ...</span>",Travelling to Nepal after Coronavirus | Nepal Travel Advice,https://highlandexpeditions.com/travelling-to-nepal-after-cornavirus/
"<span>(<em>Nepal</em>) Limited, Insurance in <em>Nepal</em>, Insurance Policies, Accidental Insurance, ... Motor Insurance, Theft Burglary Insurance, <em>Travel</em> Medical Insurance, ...</span>",Practical information - Nepal Travel Guide | Kandoo Adventures,https://www.kandooadventures.com/destination-nepal/guide/practical-information
"<span>(<em>Nepal</em>) Limited, Insurance in <em>Nepal</em>, Insurance Policies, Accidental Insurance, ... Motor Insurance, Theft Burglary Insurance, <em>Travel</em> Medical Insurance, ...</span>",Nepal holidays | Travel | The Guardian,https://www.theguardian.com/travel/nepal
"<span>(<em>Nepal</em>) Limited, Insurance in <em>Nepal</em>, Insurance Policies, Accidental Insurance, ... Motor Insurance, Theft Burglary Insurance, <em>Travel</em> Medical Insurance, ...</span>",Official Website of Visit Nepal Year 2020,https://visitnepal2020.com/
"<span>(<em>Nepal</em>) Limited, Insurance in <em>Nepal</em>, Insurance Policies, Accidental Insurance, ... Motor Insurance, Theft Burglary Insurance, <em>Travel</em> Medical Insurance, ...</span>",Coronavirus in Nepal | Nepal Travel Advisory | News & Events,https://www.itournepal.com/news/21/coronavirus-travel-advisory-for-nepal
<span><em>Nepal</em> Travels specializes in providing discounted airfares to <em>Nepal</em> from the United States and Canada. ... Round <em>Trip</em>. * Required Information.</span>,"Nepal Travels, Best Airfares to Nepal, Flights to Nepal, Tickets ...",https://www.nepaltravelsonline.com/
<span><em>Nepal</em> Travels specializes in providing discounted airfares to <em>Nepal</em> from the United States and Canada. ... Round <em>Trip</em>. * Required Information.</span>,One Week In: Nepal - Klook Travel Blog,https://www.klook.com/blog/one-week-in-nepal/
<span><em>Nepal</em> Travels specializes in providing discounted airfares to <em>Nepal</em> from the United States and Canada. ... Round <em>Trip</em>. * Required Information.</span>,Travel advice for Nepal,https://www.eda.admin.ch/countries/nepal/en/home/travel-advice/current-situation.html
<span><em>Nepal</em> Travels specializes in providing discounted airfares to <em>Nepal</em> from the United States and Canada. ... Round <em>Trip</em>. * Required Information.</span>,Why is Nepal trying to ban women from travelling? | Euronews,https://www.euronews.com/travel/2021/02/18/why-is-nepal-trying-to-ban-women-from-travelling
<span><em>Nepal</em> Travels specializes in providing discounted airfares to <em>Nepal</em> from the United States and Canada. ... Round <em>Trip</em>. * Required Information.</span>,Next Nepal Reopening For Tourism And Visa Services Restored,https://www.traveloffpath.com/nepal-reopening-for-tourism-everything-you-need-to-know/
<span><em>Nepal</em> Travels specializes in providing discounted airfares to <em>Nepal</em> from the United States and Canada. ... Round <em>Trip</em>. * Required Information.</span>,Department Of Passport ::. Nepal,https://nepalpassport.gov.np/
<span><em>Nepal</em> Travels specializes in providing discounted airfares to <em>Nepal</em> from the United States and Canada. ... Round <em>Trip</em>. * Required Information.</span>,Travel Nepal - Organize your holidays and trekking with ...,https://www.shantitravel.com/en/trekking-nepal
<span><em>Nepal</em> Travels specializes in providing discounted airfares to <em>Nepal</em> from the United States and Canada. ... Round <em>Trip</em>. * Required Information.</span>,Travel to the EU from Nepal - European External Action Service,https://eeas.europa.eu/delegations/nepal_en/1592/Travel%20to%20the%20EU%20from%20Nepal
<span><em>Nepal</em> Travels specializes in providing discounted airfares to <em>Nepal</em> from the United States and Canada. ... Round <em>Trip</em>. * Required Information.</span>,Ultimate Nepal Travel Guide: Everything to Know for your ...,https://www.twowanderingsoles.com/blog/nepal-travel-guide
<span><em>Nepal</em> Travels specializes in providing discounted airfares to <em>Nepal</em> from the United States and Canada. ... Round <em>Trip</em>. * Required Information.</span>,My First Travel Experience in Nepal - WanderWisdom,https://wanderwisdom.com/travelogue/My-First-Travel-Experience-in-Nepal
"<span><em>Nepal travel</em> Yodha movie, Keralite who got stuck in Nepal gets chance to visit Kuttimama's house from 'Yodha' movie, Travel Blog | Travel ...</span>",Nepal Bank | Home,https://www.nepalbank.com.np/
"<span><em>Nepal travel</em> Yodha movie, Keralite who got stuck in Nepal gets chance to visit Kuttimama's house from 'Yodha' movie, Travel Blog | Travel ...</span>",Keralite who got stuck in Nepal gets chance to visit ...,https://english.mathrubhumi.com/travel/travel-blog/keralite-who-got-stuck-in-nepal-gets-chance-to-visit-kuttimama-s-house-from-yodha-movie-nepal-travel-yodha-movie-1.5889071
"<span><em>Nepal travel</em> Yodha movie, Keralite who got stuck in Nepal gets chance to visit Kuttimama's house from 'Yodha' movie, Travel Blog | Travel ...</span>",Nepal Travel Tips - A Nepal travel guide for first time visitors,https://www.davestravelpages.com/nepal-travel-tips
"<span><em>Nepal travel</em> Yodha movie, Keralite who got stuck in Nepal gets chance to visit Kuttimama's house from 'Yodha' movie, Travel Blog | Travel ...</span>",Nepal Travel Guide | Moon & Honey Travel,https://www.moonhoneytravel.com/asia/nepal/
"<span><em>Nepal travel</em> Yodha movie, Keralite who got stuck in Nepal gets chance to visit Kuttimama's house from 'Yodha' movie, Travel Blog | Travel ...</span>",Nepal travel distance between cities (km) - Humanitarian Data ...,https://data.humdata.org/dataset/nepal-travel-distance-between-cities-km
"<span><em>Nepal travel</em> Yodha movie, Keralite who got stuck in Nepal gets chance to visit Kuttimama's house from 'Yodha' movie, Travel Blog | Travel ...</span>",Impact of COVID-19 on tourism in Nepal | Journal of Travel ...,https://academic.oup.com/jtm/article/27/6/taaa105/5868304
"<span><em>Nepal travel</em> Yodha movie, Keralite who got stuck in Nepal gets chance to visit Kuttimama's house from 'Yodha' movie, Travel Blog | Travel ...</span>",The Ultimate 2 Week Nepal Itinerary: A Round Trip from ...,https://thetravelista.net/2018/04/25/2-week-nepal-itinerary/
"<span><em>Nepal travel</em> Yodha movie, Keralite who got stuck in Nepal gets chance to visit Kuttimama's house from 'Yodha' movie, Travel Blog | Travel ...</span>",Travel to Nepal with a Custom Travel Package | Myths and ...,https://mythsandmountains.com/countries/nepal/
"<span><em>Nepal travel</em> Yodha movie, Keralite who got stuck in Nepal gets chance to visit Kuttimama's house from 'Yodha' movie, Travel Blog | Travel ...</span>",Nepal Tourism And Travel Guide (2021) - TripCrafters,https://www.tripcrafters.com/travel/nepal-tourism-and-travel-guide
"<span><em>Nepal travel</em> Yodha movie, Keralite who got stuck in Nepal gets chance to visit Kuttimama's house from 'Yodha' movie, Travel Blog | Travel ...</span>",Nepal Consulate | Honorary Consulate General of Nepal ...,http://www.nepalconsulate.org.au/
"<span>DOH: INTENSIFIED BIOSURVEILLANCE REINFORCES NEED FOR STRICTER BORDER CONTROL; EXPANDS <em>TRAVEL</em> RESTRICTIONS TO PAKISTAN, BANGLADESH, <em>NEPAL</em>, ...</span>",DOH: INTENSIFIED BIOSURVEILLANCE REINFORCES ...,https://doh.gov.ph/press-release/DOH-INTENSIFIED-BIOSURVEILLANCE-REINFORCES-NEED-FOR-STRICTER-BORDER-CONTROL-EXPANDS-TRAVEL-RESTRICTIONS-TO-PAKISTAN-BANGLADESH-NEPAL-AND-SRI-LANKA
"<span>DOH: INTENSIFIED BIOSURVEILLANCE REINFORCES NEED FOR STRICTER BORDER CONTROL; EXPANDS <em>TRAVEL</em> RESTRICTIONS TO PAKISTAN, BANGLADESH, <em>NEPAL</em>, ...</span>","Nepal Travel, Trekking, Tours Information and provides tips on ...",https://www.visitnepal.com/
"<span>DOH: INTENSIFIED BIOSURVEILLANCE REINFORCES NEED FOR STRICTER BORDER CONTROL; EXPANDS <em>TRAVEL</em> RESTRICTIONS TO PAKISTAN, BANGLADESH, <em>NEPAL</em>, ...</span>",The Perfect 3 Week Travel Itinerary in Nepal - Bookmundi,https://www.bookmundi.com/blog/the-perfect-3-week-travel-itinerary-in-nepal/
"<span>DOH: INTENSIFIED BIOSURVEILLANCE REINFORCES NEED FOR STRICTER BORDER CONTROL; EXPANDS <em>TRAVEL</em> RESTRICTIONS TO PAKISTAN, BANGLADESH, <em>NEPAL</em>, ...</span>",16 Very Best Places To Visit In Nepal - Hand Luggage Only ...,https://handluggageonly.co.uk/2018/04/13/16-of-the-very-best-things-to-see-in-nepal/
"<span>DOH: INTENSIFIED BIOSURVEILLANCE REINFORCES NEED FOR STRICTER BORDER CONTROL; EXPANDS <em>TRAVEL</em> RESTRICTIONS TO PAKISTAN, BANGLADESH, <em>NEPAL</em>, ...</span>",Organise your trip to Nepal in 7 steps - eDreams Travel Blog,https://www.edreams.com/blog/organise-trip-nepal/
"<span>DOH: INTENSIFIED BIOSURVEILLANCE REINFORCES NEED FOR STRICTER BORDER CONTROL; EXPANDS <em>TRAVEL</em> RESTRICTIONS TO PAKISTAN, BANGLADESH, <em>NEPAL</em>, ...</span>",Temporary Protected Status | USCIS,https://www.uscis.gov/humanitarian/temporary-protected-status
"<span>DOH: INTENSIFIED BIOSURVEILLANCE REINFORCES NEED FOR STRICTER BORDER CONTROL; EXPANDS <em>TRAVEL</em> RESTRICTIONS TO PAKISTAN, BANGLADESH, <em>NEPAL</em>, ...</span>",Nepal Travels & Expedition Pvt.Ltd | Tours and Travels ...,https://www.nepaltravels.com/
"<span>DOH: INTENSIFIED BIOSURVEILLANCE REINFORCES NEED FOR STRICTER BORDER CONTROL; EXPANDS <em>TRAVEL</em> RESTRICTIONS TO PAKISTAN, BANGLADESH, <em>NEPAL</em>, ...</span>",Top places to visit in Nepal | Travel Nation,https://www.travelnation.co.uk/blog/small-and-surprising-my-top-places-to-visit-in-nepal
"<span>DOH: INTENSIFIED BIOSURVEILLANCE REINFORCES NEED FOR STRICTER BORDER CONTROL; EXPANDS <em>TRAVEL</em> RESTRICTIONS TO PAKISTAN, BANGLADESH, <em>NEPAL</em>, ...</span>",Trekking in Nepal | Small Groups Trek Company for Everest ...,https://www.nepalfootprintholiday.com/
"<span>DOH: INTENSIFIED BIOSURVEILLANCE REINFORCES NEED FOR STRICTER BORDER CONTROL; EXPANDS <em>TRAVEL</em> RESTRICTIONS TO PAKISTAN, BANGLADESH, <em>NEPAL</em>, ...</span>",More Than Mountains: The Ultimate Nepal Travel Guide ...,https://thriftynomads.com/nepal-travel-guide/
"<span>Check back frequently for the latest COVID-19 <em>travel</em> and specific testing requirements for your destination, including any stops for connecting flights.</span>",Travel requirements by destination | COVID-19 information ...,https://www.emirates.com/english/help/covid-19/travel-requirements-by-destination/
"<span>Check back frequently for the latest COVID-19 <em>travel</em> and specific testing requirements for your destination, including any stops for connecting flights.</span>",Travel Nepal | Advice and inspiration for Nepal Travel,https://travelnepal.com/
"<span>Check back frequently for the latest COVID-19 <em>travel</em> and specific testing requirements for your destination, including any stops for connecting flights.</span>","Ya Nepal Travels | Simplifying Your Travel | Travel, Tours, Treks",https://yanepaltravels.com/
"<span>Check back frequently for the latest COVID-19 <em>travel</em> and specific testing requirements for your destination, including any stops for connecting flights.</span>","Emirates airline updates rules for travel from India, Nepal ...",https://gulfnews.com/business/aviation/emirates-airline-updates-rules-for-travel-from-india-nepal-nigeria-pakistan-sri-lanka-and-uganda-1.1628081337271
"<span>Check back frequently for the latest COVID-19 <em>travel</em> and specific testing requirements for your destination, including any stops for connecting flights.</span>",British Gurkhas Nepal | The British Army,https://www.army.mod.uk/who-we-are/corps-regiments-and-units/brigade-of-gurkhas/british-gurkhas-nepal/
"<span>Check back frequently for the latest COVID-19 <em>travel</em> and specific testing requirements for your destination, including any stops for connecting flights.</span>",Nepal's No. 1 Experiential Tour & Trekking Operator 2021 ...,https://himalayancircuit.com/
"<span>Check back frequently for the latest COVID-19 <em>travel</em> and specific testing requirements for your destination, including any stops for connecting flights.</span>",Nepal reopens international flights | TTR Weekly,https://www.ttrweekly.com/site/2021/05/nepal-reopens-international-flights/
"<span>Check back frequently for the latest COVID-19 <em>travel</em> and specific testing requirements for your destination, including any stops for connecting flights.</span>",Trekking Agency In Nepal | Epic Of Many Hiking Companies,https://nepalgram.com/
"<span>Check back frequently for the latest COVID-19 <em>travel</em> and specific testing requirements for your destination, including any stops for connecting flights.</span>",Nepal Travel Tips - EuroMenTravel,https://euromentravel.com/travel-tips/adventure-outdoor/nepal-travel-tips
"<span>Check back frequently for the latest COVID-19 <em>travel</em> and specific testing requirements for your destination, including any stops for connecting flights.</span>",Travel Guidelines for Sharjah | Air Arabia,https://www.airarabia.com/en/travel-guidelines-sharjah
"<span>Places to Visit in <em>Nepal</em> - Here are the list of popular <em>tourist</em> places and <em>travel</em> destinations in <em>Nepal</em> like Bhaktapur,Shivapuri Nagarjun ...</span>","17 Places to Visit in Nepal,Popular Tourist Places In Nepal ...",https://www.tourtravelworld.com/blog/17-best-places-to-visit-in-nepal-before-you-die.htm
"<span>Places to Visit in <em>Nepal</em> - Here are the list of popular <em>tourist</em> places and <em>travel</em> destinations in <em>Nepal</em> like Bhaktapur,Shivapuri Nagarjun ...</span>",Getaway Nepal Adventure: Nepal Tour | Trekking Holidays,https://www.getawaynepal.com/
"<span>Places to Visit in <em>Nepal</em> - Here are the list of popular <em>tourist</em> places and <em>travel</em> destinations in <em>Nepal</em> like Bhaktapur,Shivapuri Nagarjun ...</span>",What To Pack For Nepal | Packing List With 46 Things To ...,https://www.traveltomtom.net/destinations/asia/nepal/what-to-pack-for-nepal-packing-list
"<span>Places to Visit in <em>Nepal</em> - Here are the list of popular <em>tourist</em> places and <em>travel</em> destinations in <em>Nepal</em> like Bhaktapur,Shivapuri Nagarjun ...</span>",eSewa,https://esewa.com.np/
"<span>Places to Visit in <em>Nepal</em> - Here are the list of popular <em>tourist</em> places and <em>travel</em> destinations in <em>Nepal</em> like Bhaktapur,Shivapuri Nagarjun ...</span>",Nepal closes land ports and suspends travel visas to combat ...,https://dailyhive.com/mapped/nepal-suspends-travel-visas-coronavirus
"<span>Places to Visit in <em>Nepal</em> - Here are the list of popular <em>tourist</em> places and <em>travel</em> destinations in <em>Nepal</em> like Bhaktapur,Shivapuri Nagarjun ...</span>","Nepal Tour Package - Nepal Package Tour Itinerary, Best Price",https://www.nepalpackagetour.com/
"<span>Places to Visit in <em>Nepal</em> - Here are the list of popular <em>tourist</em> places and <em>travel</em> destinations in <em>Nepal</em> like Bhaktapur,Shivapuri Nagarjun ...</span>",Travel Advisory (Covid-19): Information on Visa and Travel ...,https://www.vfsglobal.com/en/individuals/covid-19-customer-advisories.html
"<span>Places to Visit in <em>Nepal</em> - Here are the list of popular <em>tourist</em> places and <em>travel</em> destinations in <em>Nepal</em> like Bhaktapur,Shivapuri Nagarjun ...</span>",Heathrow & Gatwick: Latest Foreign Office travel advice for ...,https://www.mylondon.news/lifestyle/travel/heathrow--gatwick-latest-foreign-21270504
"<span>Places to Visit in <em>Nepal</em> - Here are the list of popular <em>tourist</em> places and <em>travel</em> destinations in <em>Nepal</em> like Bhaktapur,Shivapuri Nagarjun ...</span>","COVID-19 travel: Full list of updated green, amber and red ...",https://news.sky.com/story/full-list-of-updated-green-amber-and-red-countries-and-the-rules-when-you-travel-12372869
"<span>Places to Visit in <em>Nepal</em> - Here are the list of popular <em>tourist</em> places and <em>travel</em> destinations in <em>Nepal</em> like Bhaktapur,Shivapuri Nagarjun ...</span>",Drukair- Royal Bhutan Airlines,https://www.drukair.com.bt/
<span>Everything you need to know about the latest <em>travel</em> announcements. ... <em>Nepal</em>. Oman. Pakistan. Panama. Paraguay. Peru. Philippines.</span>,"UK travel: Which countries are on the red, amber and green ...",https://www.standard.co.uk/news/uk/travel-green-list-countries-announced-what-time-holidays-b933732.html
<span>Everything you need to know about the latest <em>travel</em> announcements. ... <em>Nepal</em>. Oman. Pakistan. Panama. Paraguay. Peru. Philippines.</span>,Korean Air - Book your flight ticket with Korea's No.1 airline ...,https://www.koreanair.com/us/en
<span>Everything you need to know about the latest <em>travel</em> announcements. ... <em>Nepal</em>. Oman. Pakistan. Panama. Paraguay. Peru. Philippines.</span>,UAE residents in Pakistan no longer need Covid-19 ... - Dawn,https://www.dawn.com/news/1639871/uae-residents-in-pakistan-no-longer-need-covid-19-vaccination-certificate-to-travel-to-dubai-airline
<span>Everything you need to know about the latest <em>travel</em> announcements. ... <em>Nepal</em>. Oman. Pakistan. Panama. Paraguay. Peru. Philippines.</span>,China and Nepal trustworthy friends; No change in one-China ...,https://www.globaltimes.cn/page/202108/1231296.shtml
<span>Everything you need to know about the latest <em>travel</em> announcements. ... <em>Nepal</em>. Oman. Pakistan. Panama. Paraguay. Peru. Philippines.</span>,"August EU Travel Restrictions, Covid-19 Test Requirements ...",https://www.forbes.com/sites/alexledsom/2021/08/05/august-eu-travel-restrictions-covid-19-test-requirements-quarantine-by-country/
<span>Everything you need to know about the latest <em>travel</em> announcements. ... <em>Nepal</em>. Oman. Pakistan. Panama. Paraguay. Peru. Philippines.</span>,Exploring Nepal in 7 days- What to do? - Travel Gecko Nepal,https://travelgeckonepal.com/exploring-nepal-in-7-days-what-to-do/
<span>Everything you need to know about the latest <em>travel</em> announcements. ... <em>Nepal</em>. Oman. Pakistan. Panama. Paraguay. Peru. Philippines.</span>,Nepal Rastra Bank,https://www.nrb.org.np/
<span>Everything you need to know about the latest <em>travel</em> announcements. ... <em>Nepal</em>. Oman. Pakistan. Panama. Paraguay. Peru. Philippines.</span>,Visit Nepal,https://www.visit-nepal.net/
<span>Everything you need to know about the latest <em>travel</em> announcements. ... <em>Nepal</em>. Oman. Pakistan. Panama. Paraguay. Peru. Philippines.</span>,Climate Change Impacts on Health and Livelihoods: Nepal ...,https://reliefweb.int/report/nepal/climate-change-impacts-health-and-livelihoods-nepal-assessment
<span>Everything you need to know about the latest <em>travel</em> announcements. ... <em>Nepal</em>. Oman. Pakistan. Panama. Paraguay. Peru. Philippines.</span>,Lockdown extended again in Nepal's Kathmandu Valley ...,http://www.xinhuanet.com/english/2021-08/13/c_1310125112.htm
